Model,Accuracy,Precision,Recall,F1-Score
Random Forest,0.9964285714285714,0.9964481946624805,0.9964285714285714,0.9961358717040536
Decision Tree,1.0,1.0,1.0,1.0
Gradient Boosting,1.0,1.0,1.0,1.0
Logistic Regression,0.7678571428571429,0.7482586911935991,0.7678571428571429,0.7529794459589857
K-Nearest Neighbors,0.825,0.827751056339009,0.825,0.8041212502242588
Support Vector Machine,0.8732142857142857,0.8686093331934316,0.8732142857142857,0.8484135122508997
